STATION,DATE,MXSD,TPCP,TSNW,EMXT,EMNT,MNTM
GHCND:USW00024018,19150101,-9999,22,27,128,-228,-35
GHCND:USW00024018,19150201,-9999,246,249,156,-106,-4
GHCND:USW00024018,19150301,-9999,408,413,128,-150,-24
GHCND:USW00024018,19150401,-9999,836,0,211,-33,78
GHCND:USW00024018,19150501,-9999,563,208,261,-61,80
GHCND:USW00024018,19150601,-9999,340,0,256,-17,126
GHCND:USW00024018,19150701,-9999,435,0,317,6,168
GHCND:USW00024018,19150801,-9999,1012,0,300,56,161
GHCND:USW00024018,19150901,-9999,534,0,289,6,125
GHCND:USW00024018,19151001,-9999,282,25,239,-61,89
GHCND:USW00024018,19151101,-9999,50,48,194,-128,28
GHCND:USW00024018,19151201,-9999,106,145,144,-194,-18
GHCND:USW00024018,19160101,-9999,160,164,117,-283,-80
GHCND:USW00024018,19160201,-9999,77,97,178,-200,-1
GHCND:USW00024018,19160301,-9999,52,51,194,-161,37
GHCND:USW00024018,19160401,-9999,122,61,228,-111,45
GHCND:USW00024018,19160501,-9999,491,74,278,-83,92
GHCND:USW00024018,19160601,-9999,95,0,311,-11,147
GHCND:USW00024018,19160701,-9999,461,0,311,100,206
GHCND:USW00024018,19160801,-9999,323,0,300,50,177
GHCND:USW00024018,19160901,-9999,255,0,283,-33,132
GHCND:USW00024018,19161001,-9999,496,244,228,-111,61
GHCND:USW00024018,19161101,-9999,223,307,194,-294,-4
GHCND:USW00024018,19161201,-9999,87,133,100,-239,-61
GHCND:USW00024018,19170101,-9999,77,105,100,-244,-57
GHCND:USW00024018,19170201,-9999,204,320,122,-200,-26
GHCND:USW00024018,19170301,-9999,177,323,178,-178,-35
GHCND:USW00024018,19170401,-9999,446,391,189,-144,24
GHCND:USW00024018,19170501,-9999,1181,99,239,-106,61
GHCND:USW00024018,19170601,-9999,87,0,311,-11,145
GHCND:USW00024018,19170701,-9999,411,0,311,50,196
GHCND:USW00024018,19170801,-9999,446,0,311,44,164
GHCND:USW00024018,19170901,-9999,143,0,294,17,148
GHCND:USW00024018,19171001,-9999,99,147,239,-167,63
GHCND:USW00024018,19171101,-9999,103,100,189,-94,49
GHCND:USW00024018,19171201,-9999,206,308,150,-217,-9
GHCND:USW00024018,19180101,-9999,121,168,150,-267,-68
GHCND:USW00024018,19180201,-9999,227,299,189,-250,-13
GHCND:USW00024018,19180301,-9999,48,49,183,-122,49
GHCND:USW00024018,19180401,-9999,998,527,161,-128,15
GHCND:USW00024018,19180501,-9999,661,120,239,-33,104
GHCND:USW00024018,19180601,-9999,316,0,322,22,184
GHCND:USW00024018,19180701,-9999,992,0,317,78,187
GHCND:USW00024018,19180801,-9999,428,0,333,56,183
GHCND:USW00024018,19180901,-9999,653,30,272,0,117
GHCND:USW00024018,19181001,-9999,173,5,233,-89,90
GHCND:USW00024018,19181101,-9999,136,227,172,-228,-6
GHCND:USW00024018,19181201,-9999,148,201,133,-244,-30
GHCND:USW00024018,19190101,-9999,0,0,156,-189,-1
GHCND:USW00024018,19190201,-9999,66,74,133,-189,-36
GHCND:USW00024018,19190301,-9999,386,350,183,-139,9
GHCND:USW00024018,19190401,-9999,314,178,228,-89,54
GHCND:USW00024018,19190501,-9999,178,33,244,-22,107
GHCND:USW00024018,19190601,-9999,184,41,322,-22,170
GHCND:USW00024018,19190701,-9999,719,0,344,100,210
GHCND:USW00024018,19190801,-9999,111,0,317,72,200
GHCND:USW00024018,19190901,-9999,448,13,272,0,150
GHCND:USW00024018,19191001,-9999,424,198,200,-72,47
GHCND:USW00024018,19191101,-9999,415,397,167,-244,-8
GHCND:USW00024018,19191201,-9999,279,540,150,-333,-22
GHCND:USW00024018,19200101,-9999,51,51,172,-178,8
GHCND:USW00024018,19200201,-9999,175,209,139,-183,-29
GHCND:USW00024018,19200301,-9999,168,165,161,-256,-3
GHCND:USW00024018,19200401,-9999,1009,1055,156,-200,-3
GHCND:USW00024018,19200501,-9999,547,0,261,-22,97
GHCND:USW00024018,19200601,-9999,180,0,289,17,152
GHCND:USW00024018,19200701,-9999,539,0,328,67,188
GHCND:USW00024018,19200801,-9999,338,0,272,50,171
GHCND:USW00024018,19200901,-9999,588,0,289,-22,139
GHCND:USW00024018,19201001,-9999,243,185,239,-83,78
GHCND:USW00024018,19201101,-9999,56,105,167,-183,-1
GHCND:USW00024018,19201201,-9999,145,157,156,-183,-23
GHCND:USW00024018,19210101,-9999,374,468,139,-200,-21
GHCND:USW00024018,19210201,-9999,92,126,156,-200,-10
GHCND:USW00024018,19210301,-9999,100,102,217,-144,31
GHCND:USW00024018,19210401,-9999,509,252,206,-117,38
GHCND:USW00024018,19210501,-9999,611,0,239,-11,102
GHCND:USW00024018,19210601,-9999,742,0,311,56,165
GHCND:USW00024018,19210701,-9999,349,0,317,61,194
GHCND:USW00024018,19210801,-9999,156,0,306,61,187
GHCND:USW00024018,19210901,-9999,6,0,278,0,147
GHCND:USW00024018,19211001,-9999,15,0,256,-56,105
GHCND:USW00024018,19211101,-9999,87,92,194,-106,37
GHCND:USW00024018,19211201,-9999,332,343,156,-222,-10
GHCND:USW00024018,19220101,-9999,119,110,128,-300,-61
GHCND:USW00024018,19220201,-9999,217,230,133,-244,-45
GHCND:USW00024018,19220301,-9999,84,53,156,-261,10
GHCND:USW00024018,19220401,-9999,821,351,183,-72,34
GHCND:USW00024018,19220501,-9999,508,59,244,-22,99
GHCND:USW00024018,19220601,-9999,229,13,339,-17,177
GHCND:USW00024018,19220701,-9999,511,0,333,44,186
GHCND:USW00024018,19220801,-9999,551,0,322,100,206
GHCND:USW00024018,19220901,-9999,92,0,289,11,160
GHCND:USW00024018,19221001,-9999,59,63,278,-94,86
GHCND:USW00024018,19221101,-9999,609,571,128,-122,-3
GHCND:USW00024018,19221201,-9999,112,123,111,-183,-14
GHCND:USW00024018,19230101,-9999,15,18,139,-139,1
GHCND:USW00024018,19230201,-9999,147,174,139,-211,-45
GHCND:USW00024018,19230301,-9999,378,397,167,-194,-21
GHCND:USW00024018,19230401,-9999,829,366,211,-78,43
GHCND:USW00024018,19230501,-9999,655,8,256,-33,102
GHCND:USW00024018,19230601,-9999,589,0,300,56,152
GHCND:USW00024018,19230701,-9999,824,0,294,94,197
GHCND:USW00024018,19230801,-9999,526,0,289,56,176
GHCND:USW00024018,19230901,-9999,706,0,278,17,132
GHCND:USW00024018,19231001,-9999,719,185,211,-167,37
GHCND:USW00024018,19231101,-9999,71,10,150,-72,30
GHCND:USW00024018,19231201,-9999,71,105,161,-333,-26
GHCND:USW00024018,19240101,-9999,96,109,111,-217,-40
GHCND:USW00024018,19240201,-9999,291,365,178,-183,-3
GHCND:USW00024018,19240301,-9999,435,509,100,-194,-58
GHCND:USW00024018,19240401,-9999,359,246,211,-111,41
GHCND:USW00024018,19240501,-9999,911,0,239,-44,77
GHCND:USW00024018,19240601,-9999,385,0,311,17,157
GHCND:USW00024018,19240701,-9999,285,0,317,56,188
GHCND:USW00024018,19240801,-9999,60,0,328,67,191
GHCND:USW00024018,19240901,-9999,601,0,294,-17,125
GHCND:USW00024018,19241001,-9999,573,0,233,-28,88
GHCND:USW00024018,19241101,-9999,79,81,211,-94,36
GHCND:USW00024018,19241201,-9999,198,212,156,-267,-59
GHCND:USW00024018,19250101,-9999,8,6,133,-156,-30
GHCND:USW00024018,19250201,-9999,73,66,161,-100,14
GHCND:USW00024018,19250301,-9999,150,75,178,-189,29
GHCND:USW00024018,19250401,-9999,312,36,233,-78,73
GHCND:USW00024018,19250501,-9999,398,0,283,-33,114
GHCND:USW00024018,19250601,-9999,461,0,300,33,162
GHCND:USW00024018,19250701,-9999,968,0,350,78,200
GHCND:USW00024018,19250801,-9999,289,0,294,78,178
GHCND:USW00024018,19250901,-9999,48,0,278,0,144
GHCND:USW00024018,19251001,-9999,892,372,250,-150,32
GHCND:USW00024018,19251101,-9999,321,328,156,-117,17
GHCND:USW00024018,19251201,-9999,443,468,111,-178,-23
GHCND:USW00024018,19260101,-9999,224,230,89,-172,-34
GHCND:USW00024018,19260201,-9999,155,129,122,-111,6
GHCND:USW00024018,19260301,-9999,265,141,167,-139,-2
GHCND:USW00024018,19260401,-9999,322,122,222,-111,56
GHCND:USW00024018,19260501,-9999,445,0,278,-39,117
GHCND:USW00024018,19260601,-9999,1201,0,306,22,158
GHCND:USW00024018,19260701,-9999,742,0,333,61,184
GHCND:USW00024018,19260801,-9999,388,0,333,72,195
GHCND:USW00024018,19260901,-9999,94,0,289,-72,123
GHCND:USW00024018,19261001,-9999,310,178,261,-133,83
GHCND:USW00024018,19261101,-9999,132,146,144,-111,33
GHCND:USW00024018,19261201,-9999,196,230,167,-267,-30
GHCND:USW00024018,19270101,-9999,39,62,161,-194,-12
GHCND:USW00024018,19270201,-9999,278,421,122,-222,-17
GHCND:USW00024018,19270301,-9999,490,411,150,-189,-7
GHCND:USW00024018,19270401,-9999,571,521,244,-89,47
GHCND:USW00024018,19270501,-9999,513,203,272,-61,106
GHCND:USW00024018,19270601,-9999,512,0,328,22,149
GHCND:USW00024018,19270701,-9999,678,0,306,67,183
GHCND:USW00024018,19270801,-9999,1026,0,278,67,166
GHCND:USW00024018,19270901,-9999,262,25,272,-50,134
GHCND:USW00024018,19271001,-9999,451,33,233,-39,93
GHCND:USW00024018,19271101,-9999,164,100,194,-128,41
GHCND:USW00024018,19271201,-9999,120,148,94,-283,-59
GHCND:USW00024018,19280101,-9999,86,103,139,-250,-1
GHCND:USW00024018,19280201,-9999,326,385,150,-194,-26
GHCND:USW00024018,19280301,-9999,386,278,200,-183,12
GHCND:USW00024018,19280401,-9999,211,164,211,-150,35
GHCND:USW00024018,19280501,-9999,679,0,261,-22,115
GHCND:USW00024018,19280601,-9999,726,0,261,33,124
GHCND:USW00024018,19280701,-9999,494,0,322,72,187
GHCND:USW00024018,19280801,-9999,135,0,317,56,185
GHCND:USW00024018,19280901,-9999,21,0,294,-6,140
GHCND:USW00024018,19281001,-9999,324,122,267,-94,72
GHCND:USW00024018,19281101,-9999,303,372,178,-139,13
GHCND:USW00024018,19281201,-9999,43,56,156,-194,-29
GHCND:USW00024018,19290101,-9999,83,92,100,-206,-55
GHCND:USW00024018,19290201,-9999,218,271,83,-261,-82
GHCND:USW00024018,19290301,-9999,385,383,144,-144,3
GHCND:USW00024018,19290401,-9999,1217,394,183,-72,42
GHCND:USW00024018,19290501,-9999,371,13,239,-44,89
GHCND:USW00024018,19290601,-9999,184,0,328,11,158
GHCND:USW00024018,19290701,-9999,521,0,322,56,203
GHCND:USW00024018,19290801,-9999,457,0,322,94,202
GHCND:USW00024018,19290901,-9999,460,20,317,-22,116
GHCND:USW00024018,19291001,-9999,374,389,256,-111,80
GHCND:USW00024018,19291101,-9999,389,382,128,-200,-29
GHCND:USW00024018,19291201,-9999,28,41,156,-189,7
GHCND:USW00024018,19300101,-9999,226,331,122,-344,-105
GHCND:USW00024018,19300201,-9999,263,296,161,-133,14
GHCND:USW00024018,19300301,-9999,224,246,144,-222,-14
GHCND:USW00024018,19300401,-9999,303,10,244,-122,96
GHCND:USW00024018,19300501,-9999,1257,262,256,-67,82
GHCND:USW00024018,19300601,-9999,86,0,317,44,162
GHCND:USW00024018,19300701,-9999,234,0,344,78,205
GHCND:USW00024018,19300801,-9999,1711,0,306,89,190
GHCND:USW00024018,19300901,-9999,327,0,267,0,138
GHCND:USW00024018,19301001,-9999,379,0,222,-72,69
GHCND:USW00024018,19301101,-9999,211,236,194,-100,25
GHCND:USW00024018,19301201,-9999,31,32,161,-133,-17
GHCND:USW00024018,19310101,-9999,41,46,150,-144,-6
GHCND:USW00024018,19310201,-9999,189,180,139,-122,1
GHCND:USW00024018,19310301,-9999,297,400,133,-222,-12
GHCND:USW00024018,19310401,-9999,438,142,211,-100,49
GHCND:USW00024018,19310501,-9999,399,3,278,-56,92
GHCND:USW00024018,19310601,-9999,406,0,328,61,187
GHCND:USW00024018,19310701,-9999,192,0,350,44,211
GHCND:USW00024018,19310801,-9999,687,0,322,56,193
GHCND:USW00024018,19310901,-9999,192,0,306,17,165
GHCND:USW00024018,19311001,-9999,272,13,239,-56,86
GHCND:USW00024018,19311101,-9999,101,137,217,-211,4
GHCND:USW00024018,19311201,-9999,43,58,194,-161,3
GHCND:USW00024018,19320101,-9999,79,105,111,-189,-59
GHCND:USW00024018,19320201,-9999,155,198,183,-167,1
GHCND:USW00024018,19320301,-9999,358,404,128,-289,-35
GHCND:USW00024018,19320401,-9999,425,214,228,-83,61
GHCND:USW00024018,19320501,-9999,374,3,272,-22,113
GHCND:USW00024018,19320601,-9999,417,0,289,39,157
GHCND:USW00024018,19320701,-9999,249,0,322,67,211
GHCND:USW00024018,19320801,-9999,161,0,328,33,196
GHCND:USW00024018,19320901,-9999,287,0,283,22,146
GHCND:USW00024018,19321001,-9999,105,60,239,-94,60
GHCND:USW00024018,19321101,-9999,51,28,178,-128,38
GHCND:USW00024018,19321201,-9999,210,332,122,-294,-75
GHCND:USW00024018,19330101,-9999,61,102,111,-144,-15
GHCND:USW00024018,19330201,-9999,77,124,122,-300,-58
GHCND:USW00024018,19330301,-9999,224,232,183,-117,19
GHCND:USW00024018,19330401,-9999,1217,723,200,-133,32
GHCND:USW00024018,19330501,-9999,874,429,272,-33,91
GHCND:USW00024018,19330601,-9999,262,0,317,56,192
GHCND:USW00024018,19330701,-9999,333,0,339,89,212
GHCND:USW00024018,19330801,-9999,514,0,306,72,183
GHCND:USW00024018,19330901,-9999,524,0,317,28,160
GHCND:USW00024018,19331001,-9999,0,0,233,-44,106
GHCND:USW00024018,19331101,-9999,70,68,189,-139,46
GHCND:USW00024018,19331201,-9999,137,117,172,-139,39
GHCND:USW00024018,19340101,-9999,75,84,156,-117,11
GHCND:USW00024018,19340201,-9999,334,397,189,-228,-2
GHCND:USW00024018,19340301,-9999,221,172,183,-128,32
GHCND:USW00024018,19340401,-9999,391,395,239,-78,70
GHCND:USW00024018,19340501,-9999,422,58,300,-17,155
GHCND:USW00024018,19340601,-9999,221,0,322,44,175
GHCND:USW00024018,19340701,-9999,640,0,361,72,226
GHCND:USW00024018,19340801,-9999,358,0,333,50,199
GHCND:USW00024018,19340901,-9999,184,31,289,-61,119
GHCND:USW00024018,19341001,-9999,0,0,267,-11,109
GHCND:USW00024018,19341101,-9999,26,29,217,-106,41
GHCND:USW00024018,19341201,-9999,40,52,172,-133,-6
GHCND:USW00024018,19350101,-9999,46,51,167,-306,7
GHCND:USW00024018,19350201,-9999,175,219,189,-222,4
GHCND:USW00024018,19350301,-9999,83,66,206,-111,17
GHCND:USW00024018,19350401,-9999,750,692,206,-122,33
GHCND:USW00024018,19350501,-9999,1496,31,233,-33,70
GHCND:USW00024018,19350601,-9999,696,0,306,28,155
GHCND:USW00024018,19350701,-9999,493,0,339,83,210
GHCND:USW00024018,19350801,-9999,153,0,339,67,199
GHCND:USW00024018,19350901,-9999,438,82,311,-28,143
GHCND:USW00024018,19351001,-9999,67,69,250,-167,70
GHCND:USW00024018,19351101,-9999,83,85,144,-161,6
GHCND:USW00024018,19351201,-9999,18,18,133,-150,-14
GHCND:USW00024018,19360101,-9999,79,97,144,-233,-36
GHCND:USW00024018,19360201,-9999,153,181,172,-367,-66
GHCND:USW00024018,19360301,-9999,297,343,172,-178,7
GHCND:USW00024018,19360401,-9999,322,127,233,-211,61
GHCND:USW00024018,19360501,-9999,738,46,272,-11,132
GHCND:USW00024018,19360601,-9999,670,0,350,39,185
GHCND:USW00024018,19360701,-9999,448,0,356,94,225
GHCND:USW00024018,19360801,-9999,281,0,344,39,203
GHCND:USW00024018,19360901,-9999,290,18,294,-22,146
GHCND:USW00024018,19361001,-9999,174,148,250,-83,69
GHCND:USW00024018,19361101,-9999,62,58,183,-150,19
GHCND:USW00024018,19361201,-9999,104,106,156,-194,-8
GHCND:USW00024018,19370101,-9999,120,144,89,-322,-107
GHCND:USW00024018,19370201,-9999,69,69,133,-206,-31
GHCND:USW00024018,19370301,-9999,532,560,178,-167,-9
GHCND:USW00024018,19370401,-9999,401,384,233,-83,50
GHCND:USW00024018,19370501,-9999,304,6,278,-22,116
GHCND:USW00024018,19370601,-9999,326,76,339,-17,153
GHCND:USW00024018,19370701,-9999,502,0,339,94,208
GHCND:USW00024018,19370801,-9999,341,0,344,89,217
GHCND:USW00024018,19370901,-9999,126,3,311,-33,158
GHCND:USW00024018,19371001,-9999,314,72,244,-22,93
GHCND:USW00024018,19371101,-9999,229,193,183,-222,11
GHCND:USW00024018,19371201,-9999,429,411,167,-228,-30
GHCND:USW00024018,19380101,-9999,94,109,122,-228,-26
GHCND:USW00024018,19380201,-9999,72,84,156,-222,-11
GHCND:USW00024018,19380301,-9999,338,328,178,-83,25
GHCND:USW00024018,19380401,-9999,537,254,244,-150,59
GHCND:USW00024018,19380501,-9999,587,92,289,-50,100
GHCND:USW00024018,19380601,-9999,516,0,289,39,165
GHCND:USW00024018,19380701,-9999,336,0,350,72,200
GHCND:USW00024018,19380801,-9999,575,0,356,50,204
GHCND:USW00024018,19380901,-9999,847,0,283,22,156
GHCND:USW00024018,19381001,-9999,137,56,256,-78,98
GHCND:USW00024018,19381101,-9999,160,195,150,-183,-3
GHCND:USW00024018,19381201,-9999,246,297,133,-222,-25
GHCND:USW00024018,19390101,-9999,181,130,122,-172,-21
GHCND:USW00024018,19390201,-9999,190,313,150,-233,-71
GHCND:USW00024018,19390301,-9999,438,481,189,-200,14
GHCND:USW00024018,19390401,-9999,461,518,244,-167,59
GHCND:USW00024018,19390501,-9999,430,0,289,-22,125
GHCND:USW00024018,19390601,-9999,213,0,333,22,162
GHCND:USW00024018,19390701,-9999,178,0,378,83,221
GHCND:USW00024018,19390801,0,107,0,322,28,190
GHCND:USW00024018,19390901,-9999,125,0,306,-17,157
GHCND:USW00024018,19391001,-9999,95,74,233,-44,93
GHCND:USW00024018,19391101,-9999,15,30,183,-133,33
GHCND:USW00024018,19391201,-9999,66,92,206,-217,17
GHCND:USW00024018,19400101,-9999,391,472,89,-283,-73
GHCND:USW00024018,19400201,-9999,142,176,172,-156,-16
GHCND:USW00024018,19400301,-9999,307,246,211,-111,33
GHCND:USW00024018,19400401,-9999,346,242,233,-128,56
GHCND:USW00024018,19400501,-9999,328,0,289,-28,121
GHCND:USW00024018,19400601,-9999,77,0,344,0,182
GHCND:USW00024018,19400701,-9999,729,0,361,83,212
GHCND:USW00024018,19400801,-9999,209,0,339,72,196
GHCND:USW00024018,19400901,-9999,954,0,328,33,156
GHCND:USW00024018,19401001,-9999,62,38,239,-39,101
GHCND:USW00024018,19401101,-9999,186,193,167,-244,1
GHCND:USW00024018,19401201,-9999,70,115,178,-250,-3
GHCND:USW00024018,19410101,-9999,85,103,161,-133,-10
GHCND:USW00024018,19410201,-9999,84,80,150,-150,0
GHCND:USW00024018,19410301,-9999,347,315,189,-194,-2
GHCND:USW00024018,19410401,-9999,942,557,189,-61,48
GHCND:USW00024018,19410501,-9999,169,0,300,0,124
GHCND:USW00024018,19410601,-9999,1184,0,294,28,152
GHCND:USW00024018,19410701,-9999,530,0,339,89,199
GHCND:USW00024018,19410801,-9999,473,0,333,72,192
GHCND:USW00024018,19410901,-9999,280,51,283,-28,126
GHCND:USW00024018,19411001,-9999,364,25,228,-78,71
GHCND:USW00024018,19411101,-9999,180,187,206,-217,35
GHCND:USW00024018,19411201,-9999,182,204,194,-250,-12
GHCND:USW00024018,19420101,-9999,195,293,150,-328,-41
GHCND:USW00024018,19420201,-9999,148,189,100,-244,-59
GHCND:USW00024018,19420301,-9999,259,278,144,-122,0
GHCND:USW00024018,19420401,-9999,1281,559,239,-44,72
GHCND:USW00024018,19420501,-9999,833,547,289,-44,93
GHCND:USW00024018,19420601,-9999,632,13,272,6,148
GHCND:USW00024018,19420701,-9999,276,0,344,67,205
GHCND:USW00024018,19420801,-9999,524,0,306,61,186
GHCND:USW00024018,19420901,-9999,432,122,283,-78,129
GHCND:USW00024018,19421001,-9999,906,160,272,-83,79
GHCND:USW00024018,19421101,-9999,486,462,200,-161,23
GHCND:USW00024018,19421201,-9999,56,109,150,-183,-2
GHCND:USW00024018,19430101,-9999,143,168,156,-311,-24
GHCND:USW00024018,19430201,-9999,135,178,178,-156,9
GHCND:USW00024018,19430301,-9999,241,273,228,-294,-20
GHCND:USW00024018,19430401,-9999,339,102,250,-28,90
GHCND:USW00024018,19430501,-9999,1070,772,294,-50,85
GHCND:USW00024018,19430601,-9999,596,0,322,-11,156
GHCND:USW00024018,19430701,-9999,318,0,333,72,210
GHCND:USW00024018,19430801,-9999,282,0,344,78,207
GHCND:USW00024018,19430901,-9999,136,0,300,-11,142
GHCND:USW00024018,19431001,-9999,137,13,244,-72,85
GHCND:USW00024018,19431101,-9999,104,114,200,-161,27
GHCND:USW00024018,19431201,-9999,46,51,156,-133,-13
GHCND:USW00024018,19440101,-9999,107,158,156,-200,-26
GHCND:USW00024018,19440201,-9999,160,235,139,-189,-28
GHCND:USW00024018,19440301,-9999,503,558,133,-194,-23
GHCND:USW00024018,19440401,-9999,726,202,189,-122,32
GHCND:USW00024018,19440501,-9999,510,46,289,-44,113
GHCND:USW00024018,19440601,-9999,502,0,322,28,153
GHCND:USW00024018,19440701,-9999,1015,0,322,78,191
GHCND:USW00024018,19440801,-9999,8,0,344,28,200
GHCND:USW00024018,19440901,-9999,47,0,300,-17,141
GHCND:USW00024018,19441001,-9999,16,0,256,-56,98
GHCND:USW00024018,19441101,-9999,230,171,178,-156,21
GHCND:USW00024018,19441201,-9999,140,185,122,-183,-26
GHCND:USW00024018,19450101,-9999,246,260,139,-233,-20
GHCND:USW00024018,19450201,-9999,261,256,128,-228,-24
GHCND:USW00024018,19450301,-9999,259,289,200,-217,15
GHCND:USW00024018,19450401,-9999,783,666,228,-183,16
GHCND:USW00024018,19450501,-9999,334,0,256,-50,102
GHCND:USW00024018,19450601,-9999,883,0,283,-17,129
GHCND:USW00024018,19450701,-9999,399,0,328,50,201
GHCND:USW00024018,19450801,-9999,342,0,333,50,193
GHCND:USW00024018,19450901,-9999,363,79,322,-67,124
GHCND:USW00024018,19451001,-9999,134,117,244,-100,96
GHCND:USW00024018,19451101,-9999,117,150,194,-150,33
GHCND:USW00024018,19451201,-9999,74,72,128,-211,-35
GHCND:USW00024018,19460101,-9999,81,93,144,-194,-22
GHCND:USW00024018,19460201,-9999,124,127,156,-144,-11
GHCND:USW00024018,19460301,-9999,583,437,222,-117,34
GHCND:USW00024018,19460401,-9999,90,41,256,-28,94
GHCND:USW00024018,19460501,-9999,1056,219,222,-78,77
GHCND:USW00024018,19460601,-9999,317,0,317,11,164
GHCND:USW00024018,19460701,-9999,362,0,344,72,205
GHCND:USW00024018,19460801,-9999,773,0,333,56,188
GHCND:USW00024018,19460901,-9999,207,10,294,-22,137
GHCND:USW00024018,19461001,-9999,647,168,256,-78,61
GHCND:USW00024018,19461101,-9999,340,356,156,-167,4
GHCND:USW00024018,19461201,-9999,49,55,150,-206,14
GHCND:USW00024018,19470101,-9999,138,195,144,-233,-28
GHCND:USW00024018,19470201,-9999,176,208,139,-211,-45
GHCND:USW00024018,19470301,-9999,208,159,161,-256,-6
GHCND:USW00024018,19470401,-9999,393,169,211,-78,44
GHCND:USW00024018,19470501,-9999,557,167,278,-89,98
GHCND:USW00024018,19470601,-9999,953,221,283,-22,136
GHCND:USW00024018,19470701,-9999,476,0,344,67,203
GHCND:USW00024018,19470801,-9999,348,0,339,78,203
GHCND:USW00024018,19470901,-9999,199,0,333,6,159
GHCND:USW00024018,19471001,-9999,539,81,278,-111,108
GHCND:USW00024018,19471101,-9999,198,256,139,-211,-17
GHCND:USW00024018,19471201,-9999,132,211,172,-217,-13
GHCND:USW00024018,19480101,102,106,120,150,-289,-41
GHCND:USW00024018,19480201,76,189,186,156,-233,-45
GHCND:USW00024018,19480301,76,105,105,178,-283,-24
GHCND:USW00024018,19480401,51,186,41,239,-78,71
GHCND:USW00024018,19480501,0,234,0,283,-44,115
GHCND:USW00024018,19480601,0,782,0,300,56,159
GHCND:USW00024018,19480701,0,596,0,317,61,199
GHCND:USW00024018,19480801,0,220,0,322,78,197
GHCND:USW00024018,19480901,0,137,0,328,17,165
GHCND:USW00024018,19481001,51,135,91,261,-144,80
GHCND:USW00024018,19481101,25,81,89,172,-133,-4
GHCND:USW00024018,19481201,279,261,315,150,-178,-31
GHCND:USW00024018,19490101,406,707,383,106,-267,-100
GHCND:USW00024018,19490201,102,10,13,128,-267,-37
GHCND:USW00024018,19490301,178,620,512,156,-144,1
GHCND:USW00024018,19490401,51,409,116,244,-78,70
GHCND:USW00024018,19490501,0,1084,25,256,-6,110
GHCND:USW00024018,19490601,0,829,0,300,56,154
GHCND:USW00024018,19490701,0,551,8,322,72,200
GHCND:USW00024018,19490801,0,517,0,333,61,194
GHCND:USW00024018,19490901,0,65,0,294,6,143
GHCND:USW00024018,19491001,25,345,183,239,-89,65
GHCND:USW00024018,19491101,0,5,0,211,-89,74
GHCND:USW00024018,19491201,51,66,58,150,-178,-25
GHCND:USW00024018,19500101,25,59,63,156,-289,-45
GHCND:USW00024018,19500201,0,39,28,211,-183,10
GHCND:USW00024018,19500301,102,227,238,172,-200,-4
GHCND:USW00024018,19500401,51,459,319,233,-128,46
GHCND:USW00024018,19500501,102,632,314,267,-50,79
GHCND:USW00024018,19500601,0,385,35,300,0,156
GHCND:USW00024018,19500701,0,710,0,322,56,175
GHCND:USW00024018,19500801,0,100,0,317,50,178
GHCND:USW00024018,19500901,0,678,0,294,11,127
GHCND:USW00024018,19501001,0,64,20,278,-17,115
GHCND:USW00024018,19501101,127,278,163,200,-200,17
GHCND:USW00024018,19501201,0,36,43,150,-189,8
GHCND:USW00024018,19510101,152,175,244,139,-328,-53
GHCND:USW00024018,19510201,76,44,100,150,-289,-7
GHCND:USW00024018,19510301,51,130,136,178,-178,-16
GHCND:USW00024018,19510401,51,494,135,194,-111,29
GHCND:USW00024018,19510501,0,706,0,283,-11,106
GHCND:USW00024018,19510601,0,448,0,283,-39,126
GHCND:USW00024018,19510701,0,698,25,333,67,193
GHCND:USW00024018,19510801,0,472,0,328,50,183
GHCND:USW00024018,19510901,0,191,0,289,-39,126
GHCND:USW00024018,19511001,76,575,310,244,-89,65
GHCND:USW00024018,19511101,76,202,239,183,-206,8
GHCND:USW00024018,19511201,102,237,213,150,-267,-42
GHCND:USW00024018,19520101,76,0,0,111,-222,-17
GHCND:USW00024018,19520201,76,184,221,139,-178,-19
GHCND:USW00024018,19520301,178,468,370,133,-161,-23
GHCND:USW00024018,19520401,0,219,84,233,-94,60
GHCND:USW00024018,19520501,0,679,0,261,-11,109
GHCND:USW00024018,19520601,0,376,0,328,72,187
GHCND:USW00024018,19520701,0,304,0,339,33,193
GHCND:USW00024018,19520801,0,472,0,322,39,197
GHCND:USW00024018,19520901,0,74,0,306,17,160
GHCND:USW00024018,19521001,76,86,106,239,-89,91
GHCND:USW00024018,19521101,127,270,264,200,-211,-19
GHCND:USW00024018,19521201,76,54,52,178,-178,-12
GHCND:USW00024018,19530101,76,86,76,172,-189,20
GHCND:USW00024018,19530201,305,550,506,144,-194,-25
GHCND:USW00024018,19530301,102,227,147,211,-122,28
GHCND:USW00024018,19530401,102,370,328,244,-161,26
GHCND:USW00024018,19530501,25,375,90,239,-83,87
GHCND:USW00024018,19530601,0,909,0,333,39,174
GHCND:USW00024018,19530701,0,637,25,333,89,206
GHCND:USW00024018,19530801,0,482,0,322,72,192
GHCND:USW00024018,19530901,0,27,0,300,0,160
GHCND:USW00024018,19531001,25,34,34,267,-61,97
GHCND:USW00024018,19531101,76,117,137,206,-139,38
GHCND:USW00024018,19531201,51,68,100,117,-156,-24
GHCND:USW00024018,19540101,25,54,73,172,-222,2
GHCND:USW00024018,19540201,25,21,25,194,-133,38
GHCND:USW00024018,19540301,229,645,574,167,-244,-24
GHCND:USW00024018,19540401,127,102,124,233,-61,80
GHCND:USW00024018,19540501,102,371,51,317,-83,104
GHCND:USW00024018,19540601,0,347,0,378,-22,168
GHCND:USW00024018,19540701,0,306,0,361,72,221
GHCND:USW00024018,19540801,0,351,0,339,94,201
GHCND:USW00024018,19540901,0,275,56,311,-11,163
GHCND:USW00024018,19541001,0,40,13,267,-83,86
GHCND:USW00024018,19541101,76,71,74,228,-144,45
GHCND:USW00024018,19541201,51,50,78,156,-189,3
GHCND:USW00024018,19550101,152,73,180,111,-178,-40
GHCND:USW00024018,19550201,102,148,154,122,-217,-49
GHCND:USW00024018,19550301,76,144,223,161,-217,-15
GHCND:USW00024018,19550401,330,294,421,256,-128,60
GHCND:USW00024018,19550501,0,577,3,261,-11,118
GHCND:USW00024018,19550601,0,1353,38,306,17,145
GHCND:USW00024018,19550701,0,238,15,350,89,214
GHCND:USW00024018,19550801,0,307,0,328,61,206
GHCND:USW00024018,19550901,0,355,0,322,-11,148
GHCND:USW00024018,19551001,0,46,13,261,-72,97
GHCND:USW00024018,19551101,178,312,348,178,-228,-10
GHCND:USW00024018,19551201,102,83,98,161,-189,-5
GHCND:USW00024018,19560101,127,179,220,167,-217,-17
GHCND:USW00024018,19560201,76,118,206,128,-233,-52
GHCND:USW00024018,19560301,76,61,101,211,-228,6
GHCND:USW00024018,19560401,0,335,19,206,-111,42
GHCND:USW00024018,19560501,0,650,15,267,0,126
GHCND:USW00024018,19560601,0,251,0,344,56,195
GHCND:USW00024018,19560701,0,363,0,322,67,197
GHCND:USW00024018,19560801,0,440,0,311,33,182
GHCND:USW00024018,19560901,0,37,0,311,17,161
GHCND:USW00024018,19561001,0,40,0,278,-50,102
GHCND:USW00024018,19561101,203,323,353,178,-161,-1
GHCND:USW00024018,19561201,76,105,102,139,-150,4
GHCND:USW00024018,19570101,102,173,196,89,-261,-63
GHCND:USW00024018,19570201,76,21,26,150,-139,16
GHCND:USW00024018,19570301,152,254,271,144,-183,7
GHCND:USW00024018,19570401,330,717,555,200,-150,27
GHCND:USW00024018,19570501,152,1358,196,233,-17,89
GHCND:USW00024018,19570601,0,512,0,322,33,157
GHCND:USW00024018,19570701,0,617,0,333,78,206
GHCND:USW00024018,19570801,0,742,0,317,67,196
GHCND:USW00024018,19570901,0,144,0,283,-22,130
GHCND:USW00024018,19571001,25,345,13,267,-67,83
GHCND:USW00024018,19571101,102,147,204,150,-161,-12
GHCND:USW00024018,19571201,25,25,26,161,-139,17
GHCND:USW00024018,19580101,25,15,15,144,-178,-12
GHCND:USW00024018,19580201,25,128,158,194,-150,5
GHCND:USW00024018,19580301,178,529,454,133,-222,-36
GHCND:USW00024018,19580401,51,286,157,239,-78,38
GHCND:USW00024018,19580501,0,756,0,294,-17,138
GHCND:USW00024018,19580601,0,454,0,322,17,171
GHCND:USW00024018,19580701,0,981,0,322,67,181
GHCND:USW00024018,19580801,0,344,0,333,61,204
GHCND:USW00024018,19580901,0,232,0,306,-11,148
GHCND:USW00024018,19581001,0,51,0,272,-39,98
GHCND:USW00024018,19581101,51,115,136,206,-194,24
GHCND:USW00024018,19581201,254,324,541,144,-178,-7
GHCND:USW00024018,19590101,51,132,185,156,-306,-32
GHCND:USW00024018,19590201,51,78,111,94,-206,-33
GHCND:USW00024018,19590301,152,279,365,139,-128,-5
GHCND:USW00024018,19590401,203,392,354,256,-194,40
GHCND:USW00024018,19590501,0,1058,34,272,-11,103
GHCND:USW00024018,19590601,0,182,0,322,17,185
GHCND:USW00024018,19590701,0,204,0,339,61,201
GHCND:USW00024018,19590801,0,197,0,350,89,206
GHCND:USW00024018,19590901,25,409,94,322,-56,132
GHCND:USW00024018,19591001,76,351,231,233,-111,61
GHCND:USW00024018,19591101,51,42,96,178,-222,6
GHCND:USW00024018,19591201,0,8,10,178,-139,6
GHCND:USW00024018,19600101,51,44,72,161,-200,-36
GHCND:USW00024018,19600201,76,126,224,94,-283,-67
GHCND:USW00024018,19600301,127,79,95,211,-239,7
GHCND:USW00024018,19600401,152,209,143,278,-61,82
GHCND:USW00024018,19600501,0,245,0,294,0,132
GHCND:USW00024018,19600601,0,346,0,322,33,180
GHCND:USW00024018,19600701,0,239,0,356,100,215
GHCND:USW00024018,19600801,0,177,0,350,56,204
GHCND:USW00024018,19600901,0,167,0,339,17,162
GHCND:USW00024018,19601001,0,282,0,261,-56,93
GHCND:USW00024018,19601101,51,109,147,194,-133,20
GHCND:USW00024018,19601201,102,72,133,167,-161,-29
GHCND:USW00024018,19610101,25,16,30,139,-289,-17
GHCND:USW00024018,19610201,51,95,97,189,-161,-1
GHCND:USW00024018,19610301,203,529,589,167,-161,-2
GHCND:USW00024018,19610401,76,213,199,250,-78,48
GHCND:USW00024018,19610501,203,743,292,278,-11,115
GHCND:USW00024018,19610601,0,740,0,333,67,182
GHCND:USW00024018,19610701,0,388,0,333,83,206
GHCND:USW00024018,19610801,0,795,0,344,94,200
GHCND:USW00024018,19610901,0,551,21,289,-33,108
GHCND:USW00024018,19611001,76,142,91,250,-83,71
GHCND:USW00024018,19611101,76,90,89,172,-128,1
GHCND:USW00024018,19611201,25,24,39,117,-272,-48
GHCND:USW00024018,19620101,178,171,330,133,-300,-72
GHCND:USW00024018,19620201,152,143,276,217,-311,-27
GHCND:USW00024018,19620301,102,99,140,178,-156,-17
GHCND:USW00024018,19620401,76,138,64,261,-94,75
GHCND:USW00024018,19620501,0,694,0,289,-11,128
GHCND:USW00024018,19620601,0,719,0,306,11,155
GHCND:USW00024018,19620701,0,1022,0,311,67,187
GHCND:USW00024018,19620801,0,103,0,344,44,196
GHCND:USW00024018,19620901,0,330,0,300,-56,150
GHCND:USW00024018,19621001,0,158,0,261,-33,106
GHCND:USW00024018,19621101,102,85,96,194,-122,43
GHCND:USW00024018,19621201,76,63,88,189,-233,-3
GHCND:USW00024018,19630101,76,130,227,111,-328,-85
GHCND:USW00024018,19630201,51,44,80,172,-206,5
GHCND:USW00024018,19630301,152,189,300,222,-228,-1
GHCND:USW00024018,19630401,25,423,82,239,-67,65
GHCND:USW00024018,19630501,0,290,0,272,-6,132
GHCND:USW00024018,19630601,0,722,0,344,61,178
GHCND:USW00024018,19630701,0,197,0,350,111,226
GHCND:USW00024018,19630801,0,579,0,339,83,202
GHCND:USW00024018,19630901,0,833,0,300,50,173
GHCND:USW00024018,19631001,0,270,0,278,-61,125
GHCND:USW00024018,19631101,0,5,3,194,-94,44
GHCND:USW00024018,19631201,51,107,152,139,-239,-28
GHCND:USW00024018,19640101,0,8,26,128,-211,-33
GHCND:USW00024018,19640201,51,62,84,111,-178,-54
GHCND:USW00024018,19640301,76,150,177,189,-156,-26
GHCND:USW00024018,19640401,102,331,181,228,-72,49
GHCND:USW00024018,19640501,0,213,13,300,-17,125
GHCND:USW00024018,19640601,0,256,0,317,11,158
GHCND:USW00024018,19640701,0,254,0,328,72,216
GHCND:USW00024018,19640801,0,72,0,317,39,180
GHCND:USW00024018,19640901,0,83,0,294,-28,138
GHCND:USW00024018,19641001,0,8,0,250,-67,93
GHCND:USW00024018,19641101,25,37,52,200,-100,19
GHCND:USW00024018,19641201,25,42,41,144,-311,-14
GHCND:USW00024018,19650101,102,145,216,150,-139,0
GHCND:USW00024018,19650201,76,68,140,133,-211,-34
GHCND:USW00024018,19650301,76,195,256,167,-233,-55
GHCND:USW00024018,19650401,51,145,64,244,-28,76
GHCND:USW00024018,19650501,25,791,35,256,-17,104
GHCND:USW00024018,19650601,0,1025,0,289,39,152
GHCND:USW00024018,19650701,0,227,0,322,94,201
GHCND:USW00024018,19650801,0,392,0,322,50,182
GHCND:USW00024018,19650901,0,338,52,256,-50,98
GHCND:USW00024018,19651001,0,190,0,261,-17,111
GHCND:USW00024018,19651101,0,0,0,211,-83,52
GHCND:USW00024018,19651201,51,56,62,172,-222,0
GHCND:USW00024018,19660101,25,28,33,161,-283,-35
GHCND:USW00024018,19660201,51,56,69,122,-183,-29
GHCND:USW00024018,19660301,0,31,29,211,-150,31
GHCND:USW00024018,19660401,51,123,92,233,-189,42
GHCND:USW00024018,19660501,0,53,0,311,-33,131
GHCND:USW00024018,19660601,0,496,0,322,33,164
GHCND:USW00024018,19660701,0,859,0,350,111,236
GHCND:USW00024018,19660801,0,708,0,333,39,190
GHCND:USW00024018,19660901,0,540,0,294,6,155
GHCND:USW00024018,19661001,51,173,114,239,-83,87
GHCND:USW00024018,19661101,25,74,59,189,-150,37
GHCND:USW00024018,19661201,25,21,21,139,-150,-6
GHCND:USW00024018,19670101,127,115,138,133,-161,-4
GHCND:USW00024018,19670201,102,139,205,161,-133,-5
GHCND:USW00024018,19670301,25,195,87,228,-167,39
GHCND:USW00024018,19670401,152,547,405,228,-67,67
GHCND:USW00024018,19670501,25,1027,279,283,-61,95
GHCND:USW00024018,19670601,0,669,0,294,50,143
GHCND:USW00024018,19670701,0,433,0,317,94,196
GHCND:USW00024018,19670801,0,252,0,333,67,189
GHCND:USW00024018,19670901,0,223,0,294,6,147
GHCND:USW00024018,19671001,0,117,10,283,-83,96
GHCND:USW00024018,19671101,25,81,91,194,-183,17
GHCND:USW00024018,19671201,51,119,124,106,-261,-53
GHCND:USW00024018,19680101,51,11,5,161,-256,-18
GHCND:USW00024018,19680201,25,77,64,122,-133,3
GHCND:USW00024018,19680301,51,79,71,206,-139,33
GHCND:USW00024018,19680401,178,596,391,206,-128,38
GHCND:USW00024018,19680501,25,899,56,267,-17,95
GHCND:USW00024018,19680601,0,221,0,333,50,170
GHCND:USW00024018,19680701,0,319,0,339,39,201
GHCND:USW00024018,19680801,0,308,0,333,50,181
GHCND:USW00024018,19680901,0,51,0,306,11,142
GHCND:USW00024018,19681001,0,219,13,261,-67,95
GHCND:USW00024018,19681101,127,180,153,172,-139,11
GHCND:USW00024018,19681201,127,71,139,156,-250,-22
GHCND:USW00024018,19690101,25,60,77,144,-194,-3
GHCND:USW00024018,19690201,76,63,119,139,-128,0
GHCND:USW00024018,19690301,51,69,74,217,-228,-19
GHCND:USW00024018,19690401,0,209,76,233,-44,89
GHCND:USW00024018,19690501,0,451,0,322,11,131
GHCND:USW00024018,19690601,0,686,0,328,11,139
GHCND:USW00024018,19690701,0,148,0,344,89,219
GHCND:USW00024018,19690801,0,251,0,356,89,215
GHCND:USW00024018,19690901,0,214,0,294,44,162
GHCND:USW00024018,19691001,152,518,542,239,-139,28
GHCND:USW00024018,19691101,25,60,46,178,-144,24
GHCND:USW00024018,19691201,25,53,60,161,-194,-4
GHCND:USW00024018,19700101,25,25,30,156,-217,-18
GHCND:USW00024018,19700201,25,10,38,156,-117,14
GHCND:USW00024018,19700301,152,335,494,156,-150,-17
GHCND:USW00024018,19700401,229,216,211,222,-161,32
GHCND:USW00024018,19700501,0,796,0,278,-39,124
GHCND:USW00024018,19700601,0,616,0,339,28,160
GHCND:USW00024018,19700701,0,208,0,333,72,208
GHCND:USW00024018,19700801,0,36,0,333,89,215
GHCND:USW00024018,19700901,0,280,0,306,-6,128
GHCND:USW00024018,19701001,152,330,280,261,-94,51
GHCND:USW00024018,19701101,51,77,121,150,-178,20
GHCND:USW00024018,19701201,51,78,124,139,-178,-17
GHCND:USW00024018,19710101,178,130,219,156,-261,-13
GHCND:USW00024018,19710201,76,158,236,133,-256,-35
GHCND:USW00024018,19710301,203,275,386,211,-178,2
GHCND:USW00024018,19710401,152,715,331,211,-89,50
GHCND:USW00024018,19710501,0,606,31,228,-17,96
GHCND:USW00024018,19710601,0,246,0,333,44,174
GHCND:USW00024018,19710701,0,276,0,350,50,186
GHCND:USW00024018,19710801,0,359,0,328,78,204
GHCND:USW00024018,19710901,102,448,188,300,-44,117
GHCND:USW00024018,19711001,127,295,206,244,-122,68
GHCND:USW00024018,19711101,0,13,23,211,-111,22
GHCND:USW00024018,19711201,25,18,36,144,-189,-16
GHCND:USW00024018,19720101,102,92,188,111,-283,-37
GHCND:USW00024018,19720201,0,5,10,178,-222,7
GHCND:USW00024018,19720301,102,201,269,211,-167,40
GHCND:USW00024018,19720401,76,205,216,206,-78,58
GHCND:USW00024018,19720501,0,702,8,261,-28,107
GHCND:USW00024018,19720601,0,435,0,278,67,173
GHCND:USW00024018,19720701,0,344,0,339,50,179
GHCND:USW00024018,19720801,0,467,0,328,44,181
GHCND:USW00024018,19720901,0,257,0,272,-11,136
GHCND:USW00024018,19721001,102,108,127,250,-117,75
GHCND:USW00024018,19721101,102,152,225,128,-189,-14
GHCND:USW00024018,19721201,127,102,192,122,-311,-61
GHCND:USW00024018,19730101,51,60,117,139,-250,-46
GHCND:USW00024018,19730201,25,18,15,122,-228,-13
GHCND:USW00024018,19730301,381,469,687,122,-94,-1
GHCND:USW00024018,19730401,102,446,327,183,-128,29
GHCND:USW00024018,19730501,25,79,30,272,-33,108
GHCND:USW00024018,19730601,0,304,0,328,17,172
GHCND:USW00024018,19730701,0,1274,0,367,78,188
GHCND:USW00024018,19730801,0,69,0,317,83,202
GHCND:USW00024018,19730901,0,1148,0,261,-6,123
GHCND:USW00024018,19731001,0,15,13,244,-33,96
GHCND:USW00024018,19731101,330,319,441,161,-100,18
GHCND:USW00024018,19731201,152,269,352,178,-211,-15
GHCND:USW00024018,19740101,178,122,127,167,-283,-44
GHCND:USW00024018,19740201,0,8,20,139,-139,-1
GHCND:USW00024018,19740301,152,316,414,189,-172,28
GHCND:USW00024018,19740401,76,126,203,239,-56,63
GHCND:USW00024018,19740501,0,29,0,289,0,128
GHCND:USW00024018,19740601,0,715,0,317,50,178
GHCND:USW00024018,19740701,0,361,0,317,100,212
GHCND:USW00024018,19740801,0,328,0,311,67,184
GHCND:USW00024018,19740901,25,128,48,306,-17,129
GHCND:USW00024018,19741001,25,232,36,256,-33,90
GHCND:USW00024018,19741101,25,124,61,178,-161,20
GHCND:USW00024018,19741201,25,26,39,128,-200,-30
GHCND:USW00024018,19750101,51,103,148,111,-222,-36
GHCND:USW00024018,19750201,51,44,109,122,-222,-39
GHCND:USW00024018,19750301,203,299,356,167,-206,-10
GHCND:USW00024018,19750401,152,121,138,244,-222,30
GHCND:USW00024018,19750501,0,575,20,261,-50,91
GHCND:USW00024018,19750601,0,379,0,294,17,144
GHCND:USW00024018,19750701,0,665,0,311,56,196
GHCND:USW00024018,19750801,0,101,0,322,22,190
GHCND:USW00024018,19750901,0,132,15,294,-11,133
GHCND:USW00024018,19751001,127,125,141,256,-128,89
GHCND:USW00024018,19751101,76,50,119,206,-211,12
GHCND:USW00024018,19751201,76,133,214,178,-200,3
GHCND:USW00024018,19760101,178,82,154,133,-222,-29
GHCND:USW00024018,19760201,102,180,215,150,-211,5
GHCND:USW00024018,19760301,203,82,229,161,-200,-6
GHCND:USW00024018,19760401,76,455,171,211,-39,60
GHCND:USW00024018,19760501,0,526,0,283,-11,106
GHCND:USW00024018,19760601,0,173,0,300,33,154
GHCND:USW00024018,19760701,0,607,0,344,83,207
GHCND:USW00024018,19760801,0,357,0,306,50,183
GHCND:USW00024018,19760901,0,196,0,311,-11,143
GHCND:USW00024018,19761001,0,38,38,250,-106,63
GHCND:USW00024018,19761101,25,71,89,200,-250,8
GHCND:USW00024018,19761201,25,27,33,178,-183,-8
GHCND:USW00024018,19770101,51,36,65,94,-244,-53
GHCND:USW00024018,19770201,0,20,21,156,-133,5
GHCND:USW00024018,19770301,203,309,330,178,-128,0
GHCND:USW00024018,19770401,152,473,178,239,-111,70
GHCND:USW00024018,19770501,0,637,0,250,11,119
GHCND:USW00024018,19770601,0,620,0,317,72,185
GHCND:USW00024018,19770701,0,888,0,339,72,201
GHCND:USW00024018,19770801,0,271,0,306,67,175
GHCND:USW00024018,19770901,0,49,0,311,22,159
GHCND:USW00024018,19771001,0,21,10,250,-94,90
GHCND:USW00024018,19771101,51,89,110,194,-172,14
GHCND:USW00024018,19771201,76,62,144,122,-222,-17
GHCND:USW00024018,19780101,102,148,177,72,-194,-55
GHCND:USW00024018,19780201,76,199,306,117,-206,-39
GHCND:USW00024018,19780301,76,90,64,217,-200,32
GHCND:USW00024018,19780401,0,132,25,217,-44,66
GHCND:USW00024018,19780501,305,1014,465,283,-50,94
GHCND:USW00024018,19780601,0,161,0,306,17,161
GHCND:USW00024018,19780701,0,251,0,339,67,204
GHCND:USW00024018,19780801,0,350,0,311,44,179
GHCND:USW00024018,19780901,0,31,3,328,-22,153
GHCND:USW00024018,19781001,25,127,51,244,-39,88
GHCND:USW00024018,19781101,127,115,237,194,-122,8
GHCND:USW00024018,19781201,178,138,448,83,-267,-61
GHCND:USW00024018,19790101,102,69,171,67,-272,-82
GHCND:USW00024018,19790201,76,36,55,189,-178,-3
GHCND:USW00024018,19790301,279,343,537,167,-100,22
GHCND:USW00024018,19790401,51,197,101,239,-67,72
GHCND:USW00024018,19790501,127,738,358,256,-44,99
GHCND:USW00024018,19790601,0,844,0,306,17,164
GHCND:USW00024018,19790701,0,464,0,328,94,210
GHCND:USW00024018,19790801,0,476,0,356,72,188
GHCND:USW00024018,19790901,0,83,0,328,22,171
GHCND:USW00024018,19791001,102,117,92,272,-83,98
GHCND:USW00024018,19791101,660,631,790,189,-161,-14
GHCND:USW00024018,19791201,432,382,397,144,-178,5
GHCND:USW00024018,19800101,584,688,901,128,-272,-54
GHCND:USW00024018,19800201,229,186,272,156,-200,-15
GHCND:USW00024018,19800301,203,344,452,144,-217,6
GHCND:USW00024018,19800401,102,238,87,261,-106,57
GHCND:USW00024018,19800501,25,608,97,244,6,106
GHCND:USW00024018,19800601,0,18,0,339,50,186
GHCND:USW00024018,19800701,0,507,0,350,106,219
GHCND:USW00024018,19800801,0,396,0,350,56,191
GHCND:USW00024018,19800901,0,247,0,311,11,157
GHCND:USW00024018,19801001,0,130,28,256,-83,82
GHCND:USW00024018,19801101,76,118,160,217,-156,27
GHCND:USW00024018,19801201,51,21,54,189,-133,36
GHCND:USW00024018,19810101,51,76,86,183,-139,8
GHCND:USW00024018,19810201,51,52,73,183,-267,1
GHCND:USW00024018,19810301,51,177,227,178,-94,26
GHCND:USW00024018,19810401,51,186,51,278,-67,100
GHCND:USW00024018,19810501,0,1440,22,256,6,103
GHCND:USW00024018,19810601,0,422,0,333,22,176
GHCND:USW00024018,19810701,0,725,0,350,94,205
GHCND:USW00024018,19810801,0,739,0,317,83,184
GHCND:USW00024018,19810901,0,80,0,289,28,162
GHCND:USW00024018,19811001,102,217,118,261,-100,78
GHCND:USW00024018,19811101,25,23,21,206,-122,48
GHCND:USW00024018,19811201,51,116,148,178,-172,-7
GHCND:USW00024018,19820101,51,105,144,189,-233,-36
GHCND:USW00024018,19820201,25,49,62,183,-317,-21
GHCND:USW00024018,19820301,25,45,45,167,-183,23
GHCND:USW00024018,19820401,25,134,50,228,-100,54
GHCND:USW00024018,19820501,0,905,101,267,-39,103
GHCND:USW00024018,19820601,0,1150,0,294,22,142
GHCND:USW00024018,19820701,0,689,0,344,78,198
GHCND:USW00024018,19820801,0,461,0,311,89,206
GHCND:USW00024018,19820901,0,731,0,306,11,137
GHCND:USW00024018,19821001,152,304,309,222,-72,73
GHCND:USW00024018,19821101,102,111,202,178,-189,-3
GHCND:USW00024018,19821201,127,212,333,144,-161,-21
GHCND:USW00024018,19830101,25,6,3,139,-111,4
GHCND:USW00024018,19830201,0,0,0,172,-161,8
GHCND:USW00024018,19830301,254,752,812,167,-156,0
GHCND:USW00024018,19830401,330,1130,652,189,-172,15
GHCND:USW00024018,19830501,127,585,256,261,-78,85
GHCND:USW00024018,19830601,0,714,0,283,28,141
GHCND:USW00024018,19830701,0,538,0,328,72,199
GHCND:USW00024018,19830801,0,496,0,317,111,212
GHCND:USW00024018,19830901,0,199,0,317,-67,150
GHCND:USW00024018,19831001,0,124,5,267,-44,92
GHCND:USW00024018,19831101,356,594,689,200,-256,2
GHCND:USW00024018,19831201,203,120,181,61,-333,-94
GHCND:USW00024018,19840101,127,137,199,128,-339,-43
GHCND:USW00024018,19840201,127,213,308,128,-189,-20
GHCND:USW00024018,19840301,102,326,330,150,-133,2
GHCND:USW00024018,19840401,381,944,808,222,-117,21
GHCND:USW00024018,19840501,0,199,0,300,-22,120
GHCND:USW00024018,19840601,0,617,0,300,6,152
GHCND:USW00024018,19840701,0,655,0,322,83,202
GHCND:USW00024018,19840801,0,722,0,294,61,192
GHCND:USW00024018,19840901,25,167,40,306,-83,116
GHCND:USW00024018,19841001,76,394,97,217,-106,44
GHCND:USW00024018,19841101,25,28,38,189,-122,17
GHCND:USW00024018,19841201,102,87,142,144,-200,-28
GHCND:USW00024018,19850101,152,169,250,89,-289,-69
GHCND:USW00024018,19850201,25,49,48,117,-317,-48
GHCND:USW00024018,19850301,51,92,91,206,-156,18
GHCND:USW00024018,19850401,25,281,67,244,-83,75
GHCND:USW00024018,19850501,0,267,10,261,-6,124
GHCND:USW00024018,19850601,0,405,0,322,6,161
GHCND:USW00024018,19850701,0,1013,0,350,100,207
GHCND:USW00024018,19850801,0,1687,0,333,61,193
GHCND:USW00024018,19850901,152,451,188,267,-133,116
GHCND:USW00024018,19851001,51,240,153,211,-67,73
GHCND:USW00024018,19851101,152,214,316,183,-239,-32
GHCND:USW00024018,19851201,229,205,330,106,-261,-33
GHCND:USW00024018,19860101,25,33,33,167,-133,28
GHCND:USW00024018,19860201,76,127,125,194,-244,-11
GHCND:USW00024018,19860301,76,139,143,233,-78,57
GHCND:USW00024018,19860401,178,574,287,233,-67,66
GHCND:USW00024018,19860501,0,262,97,267,-11,103
GHCND:USW00024018,19860601,0,617,0,311,50,180
GHCND:USW00024018,19860701,0,266,0,333,72,203
GHCND:USW00024018,19860801,0,396,0,339,83,194
GHCND:USW00024018,19860901,0,628,0,256,6,129
GHCND:USW00024018,19861001,51,454,233,206,-128,70
GHCND:USW00024018,19861101,76,169,177,178,-200,13
GHCND:USW00024018,19861201,76,46,56,117,-189,-18
GHCND:USW00024018,19870101,25,23,28,183,-200,-16
GHCND:USW00024018,19870201,178,230,253,178,-144,-2
GHCND:USW00024018,19870301,152,319,350,183,-161,2
GHCND:USW00024018,19870401,51,174,112,256,-78,82
GHCND:USW00024018,19870501,0,1126,0,261,11,125
GHCND:USW00024018,19870601,0,458,0,317,44,174
GHCND:USW00024018,19870701,0,521,0,333,61,207
GHCND:USW00024018,19870801,0,314,0,328,72,183
GHCND:USW00024018,19870901,0,237,0,294,0,144
GHCND:USW00024018,19871001,25,85,34,272,-67,83
GHCND:USW00024018,19871101,76,193,115,194,-122,26
GHCND:USW00024018,19871201,305,216,410,139,-250,-35
GHCND:USW00024018,19880101,203,133,230,128,-217,-59
GHCND:USW00024018,19880201,152,166,191,161,-206,-20
GHCND:USW00024018,19880301,178,341,406,206,-167,1
GHCND:USW00024018,19880401,76,469,191,239,-117,69
GHCND:USW00024018,19880501,25,786,56,289,-28,118
GHCND:USW00024018,19880601,0,517,0,350,61,197
GHCND:USW00024018,19880701,0,456,0,344,72,209
GHCND:USW00024018,19880801,0,458,0,339,67,204
GHCND:USW00024018,19880901,0,422,5,311,6,142
GHCND:USW00024018,19881001,0,24,0,239,-61,101
GHCND:USW00024018,19881101,51,109,116,206,-139,18
GHCND:USW00024018,19881201,76,135,183,172,-222,-18
GHCND:USW00024018,19890101,76,69,111,144,-161,-10
GHCND:USW00024018,19890201,305,323,449,133,-311,-82
GHCND:USW00024018,19890301,51,124,127,222,-228,30
GHCND:USW00024018,19890401,76,123,110,267,-150,68
GHCND:USW00024018,19890501,0,350,0,306,-44,124
GHCND:USW00024018,19890601,0,637,0,344,17,157
GHCND:USW00024018,19890701,0,433,0,361,106,215
GHCND:USW00024018,19890801,0,456,0,317,83,194
GHCND:USW00024018,19890901,25,412,67,306,-11,142
GHCND:USW00024018,19891001,25,105,86,267,-100,80
GHCND:USW00024018,19891101,25,37,49,211,-139,37
GHCND:USW00024018,19891201,102,176,247,156,-333,-43
GHCND:USW00024018,19900101,127,90,143,156,-150,-3
GHCND:USW00024018,19900201,203,175,295,144,-206,-19
GHCND:USW00024018,19900301,483,930,996,150,-144,-1
GHCND:USW00024018,19900401,51,425,142,233,-144,60
GHCND:USW00024018,19900501,25,858,34,267,-56,96
GHCND:USW00024018,19900601,0,263,0,356,33,178
GHCND:USW00024018,19900701,0,925,0,356,67,183
GHCND:USW00024018,19900801,0,505,0,344,83,191
GHCND:USW00024018,19900901,0,206,0,317,17,167
GHCND:USW00024018,19901001,254,343,313,256,-78,82
GHCND:USW00024018,19901101,76,184,224,217,-150,37
GHCND:USW00024018,19901201,102,101,168,189,-333,-63
GHCND:USW00024018,19910101,76,91,195,106,-261,-39
GHCND:USW00024018,19910201,0,31,41,167,-144,23
GHCND:USW00024018,19910301,25,111,95,178,-94,24
GHCND:USW00024018,19910401,152,292,268,222,-117,50
GHCND:USW00024018,19910501,0,976,0,272,-56,113
GHCND:USW00024018,19910601,0,1158,0,328,61,169
GHCND:USW00024018,19910701,0,862,0,333,78,198
GHCND:USW00024018,19910801,0,380,0,328,100,198
GHCND:USW00024018,19910901,0,476,0,294,-11,144
GHCND:USW00024018,19911001,127,113,192,278,-183,78
GHCND:USW00024018,19911101,102,222,230,183,-217,-2
GHCND:USW00024018,19911201,25,34,52,172,-178,-2
GHCND:USW00024018,19920101,330,300,463,167,-206,-9
GHCND:USW00024018,19920201,0,28,20,172,-89,26
GHCND:USW00024018,19920301,254,446,288,178,-139,37
GHCND:USW00024018,19920401,0,89,18,283,-100,92
GHCND:USW00024018,19920501,0,475,112,283,0,127
GHCND:USW00024018,19920601,0,537,13,294,33,160
GHCND:USW00024018,19920701,0,477,0,328,72,181
GHCND:USW00024018,19920801,0,484,0,333,39,177
GHCND:USW00024018,19920901,0,3,0,294,-6,155
GHCND:USW00024018,19921001,25,118,54,283,-61,95
GHCND:USW00024018,19921101,279,430,647,161,-139,-6
GHCND:USW00024018,19921201,254,125,278,122,-206,-36
GHCND:USW00024018,19930101,152,90,181,122,-189,-33
GHCND:USW00024018,19930201,152,207,372,150,-250,-40
GHCND:USW00024018,19930301,51,161,167,211,-156,29
GHCND:USW00024018,19930401,102,633,289,189,-56,56
GHCND:USW00024018,19930501,0,490,0,261,-28,119
GHCND:USW00024018,19930601,0,846,13,311,11,148
GHCND:USW00024018,19930701,0,163,0,339,50,189
GHCND:USW00024018,19930801,0,564,13,317,39,182
GHCND:USW00024018,19930901,76,803,140,289,-44,124
GHCND:USW00024018,19931001,51,471,80,267,-178,67
GHCND:USW00024018,19931101,229,314,456,139,-267,-16
GHCND:USW00024018,19931201,51,77,146,156,-156,-8
GHCND:USW00024018,19940101,152,168,291,144,-183,-15
GHCND:USW00024018,19940201,178,223,409,117,-211,-27
GHCND:USW00024018,19940301,25,141,108,194,-133,37
GHCND:USW00024018,19940401,76,370,232,250,-78,63
GHCND:USW00024018,19940501,0,521,0,306,11,138
GHCND:USW00024018,19940601,0,367,0,356,22,191
GHCND:USW00024018,19940701,0,542,25,339,56,200
GHCND:USW00024018,19940801,0,379,0,339,94,207
GHCND:USW00024018,19940901,0,98,23,311,-22,165
GHCND:USW00024018,19941001,0,394,58,239,-39,83
GHCND:USW00024018,19941101,25,87,77,194,-128,15
GHCND:USW00024018,19941201,152,145,255,167,-244,7
GHCND:USW00024018,19950101,127,32,70,156,-228,-7
GHCND:USW00024018,19950201,254,260,593,194,-211,3
GHCND:USW00024018,19950301,152,48,111,222,-156,27
GHCND:USW00024018,19950401,76,380,337,206,-89,42
GHCND:USW00024018,19950501,0,1522,67,239,-22,76
GHCND:USW00024018,19950601,0,1164,0,306,17,150
GHCND:USW00024018,19950701,0,275,0,350,72,199
GHCND:USW00024018,19950801,0,227,0,350,83,220
GHCND:USW00024018,19950901,76,860,77,350,-44,139
GHCND:USW00024018,19951001,152,198,162,250,-67,76
GHCND:USW00024018,19951101,76,94,163,183,-206,35
GHCND:USW00024018,19951201,25,47,92,161,-194,-11
GHCND:USW00024018,19960101,127,128,304,144,-256,-50
GHCND:USW00024018,19960201,127,18,53,156,-294,-10
GHCND:USW00024018,19960301,229,381,556,189,-217,-2
GHCND:USW00024018,19960401,51,384,221,244,-67,59
GHCND:USW00024018,19960501,0,569,3,300,-17,109
GHCND:USW00024018,19960601,0,455,0,300,33,175
GHCND:USW00024018,19960701,0,788,0,344,83,201
GHCND:USW00024018,19960801,0,456,0,339,56,191
GHCND:USW00024018,19960901,25,594,30,306,-50,137
GHCND:USW00024018,19961001,0,128,51,272,-78,76
GHCND:USW00024018,19961101,102,115,178,178,-161,15
GHCND:USW00024018,19961201,0,3,11,167,-200,-11
GHCND:USW00024018,19970101,178,101,269,178,-256,-41
GHCND:USW00024018,19970201,51,78,199,150,-161,-29
GHCND:USW00024018,19970301,127,112,213,222,-144,35
GHCND:USW00024018,19970401,178,428,593,222,-178,21
GHCND:USW00024018,19970501,25,627,71,267,-28,110
GHCND:USW00024018,19970601,0,885,0,300,67,170
GHCND:USW00024018,19970701,0,713,0,344,44,202
GHCND:USW00024018,19970801,0,1101,0,300,78,183
GHCND:USW00024018,19970901,0,523,0,272,17,151
GHCND:USW00024018,19971001,229,278,224,261,-111,78
GHCND:USW00024018,19971101,51,52,64,189,-172,-4
GHCND:USW00024018,19971201,102,151,277,133,-161,-21
GHCND:USW00024018,19980101,51,18,33,144,-189,-8
GHCND:USW00024018,19980201,51,75,87,122,-106,-8
GHCND:USW00024018,19980301,51,175,214,217,-178,4
GHCND:USW00024018,19980401,76,277,257,228,-61,51
GHCND:USW00024018,19980501,0,598,28,261,-11,119
GHCND:USW00024018,19980601,0,415,18,306,0,138
GHCND:USW00024018,19980701,0,308,0,361,111,213
GHCND:USW00024018,19980801,0,244,0,322,89,204
GHCND:USW00024018,19980901,0,125,0,333,50,177
GHCND:USW00024018,19981001,0,323,8,233,-39,77
GHCND:USW00024018,19981101,25,80,103,194,-89,42
GHCND:USW00024018,19981201,254,116,343,189,-256,-30
GHCND:USW00024018,19990101,51,89,163,111,-156,-7
GHCND:USW00024018,19990201,25,34,61,172,-128,14
GHCND:USW00024018,19990301,51,117,124,222,-111,31
GHCND:USW00024018,19990401,102,1277,433,206,-94,36
GHCND:USW00024018,19990501,0,520,23,250,-33,103
GHCND:USW00024018,19990601,0,543,0,300,28,157
GHCND:USW00024018,19990701,0,607,0,344,72,211
GHCND:USW00024018,19990801,0,200,0,322,83,198
GHCND:USW00024018,19990901,0,538,94,283,-33,122
GHCND:USW00024018,19991001,51,69,83,267,-122,86
GHCND:USW00024018,19991101,76,64,109,239,-172,66
GHCND:USW00024018,19991201,51,49,75,156,-133,0
GHCND:USW00024018,20000101,25,90,74,144,-144,-12
GHCND:USW00024018,20000201,152,150,271,156,-144,15
GHCND:USW00024018,20000301,102,375,412,194,-72,28
GHCND:USW00024018,20000401,0,148,44,233,-83,74
GHCND:USW00024018,20000501,0,351,5,328,-50,131
GHCND:USW00024018,20000601,0,117,0,339,33,169
GHCND:USW00024018,20000701,0,672,0,339,106,223
GHCND:USW00024018,20000801,0,478,0,333,83,214
GHCND:USW00024018,20000901,203,672,300,328,-44,145
GHCND:USW00024018,20001001,0,176,18,256,-39,79
GHCND:USW00024018,20001101,25,76,110,122,-194,-34
GHCND:USW00024018,20001201,102,192,343,106,-194,-37
GHCND:USW00024018,20010101,102,105,220,133,-206,-25
GHCND:USW00024018,20010201,25,84,175,106,-228,-29
GHCND:USW00024018,20010301,25,143,179,178,-94,17
GHCND:USW00024018,20010401,203,633,589,244,-67,68
GHCND:USW00024018,20010501,178,571,332,272,-22,114
GHCND:USW00024018,20010601,0,369,0,333,17,179
GHCND:USW00024018,20010701,0,842,0,356,117,223
GHCND:USW00024018,20010801,0,189,0,339,83,208
GHCND:USW00024018,20010901,0,300,0,322,6,164
GHCND:USW00024018,20011001,25,103,66,261,-56,84
GHCND:USW00024018,20011101,51,60,111,211,-178,38
GHCND:USW00024018,20011201,0,34,54,150,-150,-16
GHCND:USW00024018,20020101,25,44,70,150,-239,-25
GHCND:USW00024018,20020201,25,163,261,194,-194,-16
GHCND:USW00024018,20020301,152,216,291,183,-239,-14
GHCND:USW00024018,20020401,0,173,43,239,-106,69
GHCND:USW00024018,20020501,51,192,64,311,-67,107
GHCND:USW00024018,20020601,0,174,0,356,39,198
GHCND:USW00024018,20020701,0,123,0,367,106,231
GHCND:USW00024018,20020801,0,563,0,350,56,192
GHCND:USW00024018,20020901,0,441,0,311,22,150
GHCND:USW00024018,20021001,127,281,332,228,-133,40
GHCND:USW00024018,20021101,229,119,211,172,-161,13
GHCND:USW00024018,20021201,0,28,41,133,-117,2
GHCND:USW00024018,20030101,25,23,59,178,-144,16
GHCND:USW00024018,20030201,76,120,220,183,-250,-40
GHCND:USW00024018,20030301,305,568,640,211,-144,31
GHCND:USW00024018,20030401,102,687,158,239,-61,76
GHCND:USW00024018,20030501,0,358,61,328,-11,119
GHCND:USW00024018,20030601,0,685,0,306,6,146
GHCND:USW00024018,20030701,0,112,0,367,111,239
GHCND:USW00024018,20030801,0,210,0,350,89,215
GHCND:USW00024018,20030901,0,315,36,300,-11,135
GHCND:USW00024018,20031001,25,58,50,272,-94,107
GHCND:USW00024018,20031101,229,118,251,172,-172,8
GHCND:USW00024018,20031201,127,192,247,139,-150,-11
GHCND:USW00024018,20040101,25,18,49,128,-244,-9
GHCND:USW00024018,20040201,76,114,173,167,-211,-18
GHCND:USW00024018,20040301,0,39,9,233,-83,56
GHCND:USW00024018,20040401,25,315,200,233,-94,68
GHCND:USW00024018,20040501,25,264,89,294,-22,131
GHCND:USW00024018,20040601,0,856,0,344,22,158
GHCND:USW00024018,20040701,0,440,0,344,67,196
GHCND:USW00024018,20040801,0,234,0,333,44,184
GHCND:USW00024018,20040901,0,778,0,311,22,148
GHCND:USW00024018,20041001,0,163,36,222,-33,89
GHCND:USW00024018,20041101,203,395,620,194,-194,16
GHCND:USW00024018,20041201,51,33,77,161,-222,-1
GHCND:USW00024018,20050101,76,105,174,189,-206,-1
GHCND:USW00024018,20050201,51,86,112,133,-133,4
GHCND:USW00024018,20050301,51,226,212,194,-122,23
GHCND:USW00024018,20050401,102,419,341,233,-78,62
GHCND:USW00024018,20050501,0,328,8,300,-39,112
GHCND:USW00024018,20050601,0,1102,0,311,39,165
GHCND:USW00024018,20050701,0,660,0,367,83,221
GHCND:USW00024018,20050801,0,411,0,339,61,191
GHCND:USW00024018,20050901,0,72,0,317,17,167
GHCND:USW00024018,20051001,25,476,191,278,-39,90
GHCND:USW00024018,20051101,0,77,31,222,-111,40
GHCND:USW00024018,20051201,76,72,180,156,-289,-24
GHCND:USW00024018,20060101,0,14,26,161,-117,14
GHCND:USW00024018,20060201,203,132,334,189,-283,-29
GHCND:USW00024018,20060301,254,431,550,178,-167,4
GHCND:USW00024018,20060401,0,209,58,261,-56,83
GHCND:USW00024018,20060501,25,411,51,289,-33,125
GHCND:USW00024018,20060601,0,64,0,344,61,200
GHCND:USW00024018,20060701,0,758,0,361,111,221
GHCND:USW00024018,20060801,0,250,0,339,67,200
GHCND:USW00024018,20060901,0,260,0,283,-28,123
GHCND:USW00024018,20061001,76,148,134,267,-100,72
GHCND:USW00024018,20061101,25,18,33,217,-189,26
GHCND:USW00024018,20061201,279,393,620,161,-183,-15
GHCND:USW00024018,20070101,102,82,238,117,-222,-57
GHCND:USW00024018,20070201,76,87,140,144,-239,-13
GHCND:USW00024018,20070301,25,356,71,211,-111,54
GHCND:USW00024018,20070401,0,381,18,267,-94,57
GHCND:USW00024018,20070501,0,356,0,272,-11,118
GHCND:USW00024018,20070601,0,92,5,361,-6,179
GHCND:USW00024018,20070701,0,1010,0,350,111,223
GHCND:USW00024018,20070801,0,412,0,350,78,215
GHCND:USW00024018,20070901,0,314,0,300,11,151
GHCND:USW00024018,20071001,0,325,31,267,-50,94
GHCND:USW00024018,20071101,102,82,137,206,-183,31
GHCND:USW00024018,20071201,178,258,453,139,-178,-50
GHCND:USW00024018,20080101,51,6,13,122,-222,-48
GHCND:USW00024018,20080201,25,44,70,144,-144,-11
GHCND:USW00024018,20080301,25,188,212,194,-111,12
GHCND:USW00024018,20080401,76,137,170,244,-111,48
GHCND:USW00024018,20080501,0,637,5,272,-72,102
GHCND:USW00024018,20080601,0,487,0,322,33,162
GHCND:USW00024018,20080701,0,110,0,350,72,223
GHCND:USW00024018,20080801,0,1664,0,367,83,190
GHCND:USW00024018,20080901,0,285,0,272,11,135
GHCND:USW00024018,20081001,0,146,3,239,-67,82
GHCND:USW00024018,20081101,51,101,125,222,-106,40
GHCND:USW00024018,20081201,127,79,221,150,-250,-42
GHCND:USW00024018,20090101,178,180,325,161,-283,-10
GHCND:USW00024018,20090201,76,84,149,156,-144,6
GHCND:USW00024018,20090301,102,184,236,206,-183,26
GHCND:USW00024018,20090401,178,915,705,244,-111,48
GHCND:USW00024018,20090501,0,528,3,283,0,118
GHCND:USW00024018,20090601,0,1082,0,294,28,153
GHCND:USW00024018,20090701,0,466,0,328,72,189
GHCND:USW00024018,20090801,0,95,0,344,44,186
GHCND:USW00024018,20090901,0,291,0,311,-11,148
GHCND:USW00024018,20091001,279,640,717,228,-122,28
GHCND:USW00024018,20091101,127,125,170,211,-106,33
GHCND:USW00024018,20091201,127,177,417,89,-283,-63
GHCND:USW00024018,20100101,25,18,56,144,-217,-13
GHCND:USW00024018,20100201,203,177,304,83,-217,-43
GHCND:USW00024018,20100301,152,310,432,222,-161,22
GHCND:USW00024018,20100401,102,966,311,217,-61,54
GHCND:USW00024018,20100501,178,779,259,283,-44,91
GHCND:USW00024018,20100601,0,614,0,328,44,168
GHCND:USW00024018,20100701,0,538,0,328,78,203
GHCND:USW00024018,20100801,0,86,0,339,78,206
GHCND:USW00024018,20100901,0,3,0,317,22,164
GHCND:USW00024018,20101001,0,209,8,261,-61,100
GHCND:USW00024018,20101101,76,188,252,228,-144,9
GHCND:USW00024018,20101201,127,90,187,139,-211,-8
GHCND:USW00024018,20110101,102,43,66,139,-250,-24
GHCND:USW00024018,20110201,102,209,335,156,-311,-45
GHCND:USW00024018,20110301,51,197,202,200,-122,33
GHCND:USW00024018,20110401,25,440,157,233,-78,56
GHCND:USW00024018,20110501,0,794,94,261,-50,84
GHCND:USW00024018,20110601,0,514,0,322,33,165
GHCND:USW00024018,20110701,0,1432,0,344,111,218
GHCND:USW00024018,20110801,0,397,0,344,94,216
GHCND:USW00024018,20110901,0,115,0,317,11,148
GHCND:USW00024018,20111001,178,436,388,289,-139,83
GHCND:USW00024018,20111101,152,208,293,167,-128,16
GHCND:USW00024018,20111201,102,125,209,122,-211,-33
GHCND:USW00024018,20120101,25,34,61,167,-172,3
GHCND:USW00024018,20120201,102,230,350,117,-150,-37
GHCND:USW00024018,20120301,0,0,0,233,-111,70
GHCND:USW00024018,20120401,0,101,11,267,-44,91
GHCND:USW00024018,20120501,0,78,5,306,-17,127
GHCND:USW00024018,20120601,0,684,0,356,67,199
GHCND:USW00024018,20120701,0,657,0,344,117,224
GHCND:USW00024018,20120801,0,36,0,339,50,207
GHCND:USW00024018,20120901,0,330,0,317,33,160
GHCND:USW00024018,20121001,102,289,260,261,-128,69
GHCND:USW00024018,20121101,0,6,11,211,-144,45
GHCND:USW00024018,20121201,178,145,377,161,-200,-26
GHCND:USW00024018,20130101,76,62,87,144,-261,-24
GHCND:USW00024018,20130201,76,163,243,117,-183,-33
GHCND:USW00024018,20130301,76,162,175,194,-156,15
GHCND:USW00024018,20130401,300,755,954,228,-149,21
GHCND:USW00024018,20130501,200,258,109,289,-127,114
GHCND:USW00024018,20130601,0,38,0,344,33,192
GHCND:USW00024018,20130701,0,406,0,344,100,210
GHCND:USW00024018,20130801,0,305,0,344,89,211
GHCND:USW00024018,20130901,0,1767,0,333,6,164
GHCND:USW00024018,20131001,130,543,317,222,-55,61
GHCND:USW00024018,20131101,80,41,79,178,-143,26
GHCND:USW00024018,20131201,180,129,258,156,-282,-32
GHCND:USW00024018,20140101,100,255,381,128,-232,-19
GHCND:USW00024018,20140201,180,293,493,133,-305,-52
GHCND:USW00024018,20140301,80,230,278,178,-182,26
